fecha,producto_id,nombre,categoria,subcategoria,precio_base,es_estrella,unidades_vendidas,precio_venta,ingresos,anio,mes,dia_mes,dia_semana,dia_del_anio,semana_anio,trimestre,dias_del_mes,es_fin_de_semana,es_inicio_mes,es_fin_mes,nombre_festivo,es_festivo,es_black_friday,es_cyber_monday,es_temporada_navidad,dia_semana_sin,dia_semana_cos,mes_sin,mes_cos,unidades_vendidas_lag_1,unidades_vendidas_lag_2,unidades_vendidas_lag_3,unidades_vendidas_lag_4,unidades_vendidas_lag_5,unidades_vendidas_lag_6,unidades_vendidas_lag_7,media_movil_7_dias,descuento_porcentaje,precio_competencia,ratio_precio,nombre_h_Adidas Own The Run Jacket,nombre_h_Adidas Ultraboost 23,nombre_h_Asics Gel Nimbus 25,nombre_h_Bowflex SelectTech 552,nombre_h_Columbia Silver Ridge,nombre_h_Decathlon Bandas Elásticas Set,nombre_h_Domyos BM900,nombre_h_Domyos Kit Mancuernas 20kg,nombre_h_Gaiam Premium Yoga Block,nombre_h_Liforme Yoga Pad,nombre_h_Lotuscrafts Yoga Bolster,nombre_h_Manduka PRO Yoga Mat,nombre_h_Merrell Moab 2 GTX,nombre_h_New Balance Fresh Foam X 1080v12,nombre_h_Nike Air Zoom Pegasus 40,nombre_h_Nike Dri-FIT Miler,nombre_h_Puma Velocity Nitro 2,nombre_h_Quechua MH500,nombre_h_Reebok Floatride Energy 5,nombre_h_Reebok Professional Deck,nombre_h_Salomon Speedcross 5 GTX,nombre_h_Sveltus Kettlebell 12kg,nombre_h_The North Face Borealis,nombre_h_Trek Marlin 7,categoria_h_Fitness,categoria_h_Outdoor,categoria_h_Running,categoria_h_Wellness,subcategoria_h_Banco Gimnasio,subcategoria_h_Bandas Elásticas,subcategoria_h_Bicicleta Montaña,subcategoria_h_Bloque Yoga,subcategoria_h_Cojín Yoga,subcategoria_h_Esterilla Fitness,subcategoria_h_Esterilla Yoga,subcategoria_h_Mancuernas Ajustables,subcategoria_h_Mochila Trekking,subcategoria_h_Pesa Rusa,subcategoria_h_Pesas Casa,subcategoria_h_Rodillera Yoga,subcategoria_h_Ropa Montaña,subcategoria_h_Ropa Running,subcategoria_h_Zapatillas Running,subcategoria_h_Zapatillas Trail
2025-11-01,PROD_001,Nike Air Zoom Pegasus 40,Running,Zapatillas Running,115,True,,115.0,,2025,11,1,5,305,44,4,30,True,True,False,All Saints' Day,True,False,False,False,-0.9749279121818236,-0.2225209339563146,-0.8660254037844386,0.5000000000000001,14.0,10.0,14.0,15.0,16.0,20.0,26.0,16.428571428571427,0.0,100.61,1.1430275320544678,0,0,0,0,0,0,0,0,0,0,0,0,0,0,1,0,0,0,0,0,0,0,0,0,0,0,1,0,0,0,0,0,0,0,0,0,0,0,0,0,0,0,1,0
2025-11-01,PROD_002,Adidas Ultraboost 23,Running,Zapatillas Running,135,True,,135.0,,2025,11,1,5,305,44,4,30,True,True,False,All Saints' Day,True,False,False,False,-0.9749279121818236,-0.2225209339563146,-0.8660254037844386,0.5000000000000001,13.0,13.0,14.0,12.0,15.0,19.0,27.0,16.142857142857142,0.0,119.08,1.133691635875042,0,1,0,0,0,0,0,0,0,0,0,0,0,0,0,0,0,0,0,0,0,0,0,0,0,0,1,0,0,0,0,0,0,0,0,0,0,0,0,0,0,0,1,0
2025-11-01,PROD_003,Asics Gel Nimbus 25,Running,Zapatillas Running,85,False,,86.39,,2025,11,1,5,305,44,4,30,True,True,False,All Saints' Day,True,False,False,False,-0.9749279121818236,-0.2225209339563146,-0.8660254037844386,0.5000000000000001,2.0,4.0,8.0,6.0,3.0,5.0,5.0,4.714285714285714,1.6352941176470595,82.69,1.0447454347563188,0,0,1,0,0,0,0,0,0,0,0,0,0,0,0,0,0,0,0,0,0,0,0,0,0,0,1,0,0,0,0,0,0,0,0,0,0,0,0,0,0,0,1,0
2025-11-01,PROD_004,New Balance Fresh Foam X 1080v12,Running,Zapatillas Running,75,False,,74.09,,2025,11,1,5,305,44,4,30,True,True,False,All Saints' Day,True,False,False,False,-0.9749279121818236,-0.2225209339563146,-0.8660254037844386,0.5000000000000001,3.0,9.0,1.0,5.0,6.0,1.0,3.0,4.0,-1.2133333333333287,76.12666666666667,0.9732463438129434,0,0,0,0,0,0,0,0,0,0,0,0,0,1,0,0,0,0,0,0,0,0,0,0,0,0,1,0,0,0,0,0,0,0,0,0,0,0,0,0,0,0,1,0
2025-11-01,PROD_005,Nike Dri-FIT Miler,Running,Ropa Running,35,False,,34.76,,2025,11,1,5,305,44,4,30,True,True,False,All Saints' Day,True,False,False,False,-0.9749279121818236,-0.2225209339563146,-0.8660254037844386,0.5000000000000001,4.0,2.0,5.0,2.0,1.0,6.0,3.0,3.2857142857142856,-0.6857142857142914,35.18333333333333,0.9879677877783042,0,0,0,0,0,0,0,0,0,0,0,0,0,0,0,1,0,0,0,0,0,0,0,0,0,0,1,0,0,0,0,0,0,0,0,0,0,0,0,0,0,1,0,0
2025-11-01,PROD_006,Adidas Own The Run Jacket,Running,Ropa Running,65,False,,63.8,,2025,11,1,5,305,44,4,30,True,True,False,All Saints' Day,True,False,False,False,-0.9749279121818236,-0.2225209339563146,-0.8660254037844386,0.5000000000000001,1.0,3.0,3.0,1.0,2.0,1.0,1.0,1.7142857142857142,-1.8461538461538505,62.26333333333333,1.024680122062209,1,0,0,0,0,0,0,0,0,0,0,0,0,0,0,0,0,0,0,0,0,0,0,0,0,0,1,0,0,0,0,0,0,0,0,0,0,0,0,0,0,1,0,0
2025-11-01,PROD_007,Puma Velocity Nitro 2,Running,Zapatillas Running,70,False,,70.3,,2025,11,1,5,305,44,4,30,True,True,False,All Saints' Day,True,False,False,False,-0.9749279121818236,-0.2225209339563146,-0.8660254037844386,0.5000000000000001,4.0,3.0,1.0,6.0,2.0,2.0,5.0,3.2857142857142856,0.4285714285714245,68.50666666666666,1.0261775009731413,0,0,0,0,0,0,0,0,0,0,0,0,0,0,0,0,1,0,0,0,0,0,0,0,0,0,1,0,0,0,0,0,0,0,0,0,0,0,0,0,0,0,1,0
2025-11-01,PROD_008,Reebok Floatride Energy 5,Running,Zapatillas Running,65,False,,64.41,,2025,11,1,5,305,44,4,30,True,True,False,All Saints' Day,True,False,False,False,-0.9749279121818236,-0.2225209339563146,-0.8660254037844386,0.5000000000000001,3.0,2.0,1.0,8.0,1.0,2.0,5.0,3.142857142857143,-0.907692307692313,63.836666666666666,1.0089812542425982,0,0,0,0,0,0,0,0,0,0,0,0,0,0,0,0,0,0,1,0,0,0,0,0,0,0,1,0,0,0,0,0,0,0,0,0,0,0,0,0,0,0,1,0
2025-11-01,PROD_009,Bowflex SelectTech 552,Fitness,Mancuernas Ajustables,400,True,,400.0,,2025,11,1,5,305,44,4,30,True,True,False,All Saints' Day,True,False,False,False,-0.9749279121818236,-0.2225209339563146,-0.8660254037844386,0.5000000000000001,2.0,2.0,2.0,2.0,2.0,3.0,3.0,2.2857142857142856,0.0,365.75333333333333,1.0936332318684723,0,0,0,1,0,0,0,0,0,0,0,0,0,0,0,0,0,0,0,0,0,0,0,0,1,0,0,0,0,0,0,0,0,0,0,1,0,0,0,0,0,0,0,0
2025-11-01,PROD_010,Domyos BM900,Fitness,Banco Gimnasio,175,True,,175.0,,2025,11,1,5,305,44,4,30,True,True,False,All Saints' Day,True,False,False,False,-0.9749279121818236,-0.2225209339563146,-0.8660254037844386,0.5000000000000001,3.0,2.0,2.0,3.0,2.0,3.0,3.0,2.5714285714285716,0.0,173.06333333333336,1.011190508291762,0,0,0,0,0,0,1,0,0,0,0,0,0,0,0,0,0,0,0,0,0,0,0,0,1,0,0,0,1,0,0,0,0,0,0,0,0,0,0,0,0,0,0,0
2025-11-01,PROD_011,Reebok Professional Deck,Fitness,Esterilla Fitness,45,False,,44.22,,2025,11,1,5,305,44,4,30,True,True,False,All Saints' Day,True,False,False,False,-0.9749279121818236,-0.2225209339563146,-0.8660254037844386,0.5000000000000001,7.0,5.0,1.0,6.0,4.0,6.0,7.0,5.142857142857143,-1.733333333333336,44.050000000000004,1.0038592508513051,0,0,0,0,0,0,0,0,0,0,0,0,0,0,0,0,0,0,0,1,0,0,0,0,1,0,0,0,0,0,0,0,0,1,0,0,0,0,0,0,0,0,0,0
2025-11-01,PROD_012,Domyos Kit Mancuernas 20kg,Fitness,Pesas Casa,55,False,,54.26,,2025,11,1,5,305,44,4,30,True,True,False,All Saints' Day,True,False,False,False,-0.9749279121818236,-0.2225209339563146,-0.8660254037844386,0.5000000000000001,5.0,6.0,1.0,8.0,12.0,7.0,6.0,6.428571428571429,-1.3454545454545492,51.86666666666667,1.0461439588688946,0,0,0,0,0,0,0,1,0,0,0,0,0,0,0,0,0,0,0,0,0,0,0,0,1,0,0,0,0,0,0,0,0,0,0,0,0,0,1,0,0,0,0,0
2025-11-01,PROD_013,Decathlon Bandas Elásticas Set,Fitness,Bandas Elásticas,25,False,,25.4,,2025,11,1,5,305,44,4,30,True,True,False,All Saints' Day,True,False,False,False,-0.9749279121818236,-0.2225209339563146,-0.8660254037844386,0.5000000000000001,2.0,6.0,4.0,10.0,1.0,1.0,1.0,3.5714285714285716,1.5999999999999945,23.203333333333333,1.0946703059905185,0,0,0,0,0,1,0,0,0,0,0,0,0,0,0,0,0,0,0,0,0,0,0,0,1,0,0,0,0,1,0,0,0,0,0,0,0,0,0,0,0,0,0,0
2025-11-01,PROD_014,Sveltus Kettlebell 12kg,Fitness,Pesa Rusa,40,False,,39.22,,2025,11,1,5,305,44,4,30,True,True,False,All Saints' Day,True,False,False,False,-0.9749279121818236,-0.2225209339563146,-0.8660254037844386,0.5000000000000001,4.0,1.0,11.0,5.0,3.0,8.0,5.0,5.285714285714286,-1.9500000000000028,38.52333333333333,1.0180842779267976,0,0,0,0,0,0,0,0,0,0,0,0,0,0,0,0,0,0,0,0,0,1,0,0,1,0,0,0,0,0,0,0,0,0,0,0,0,1,0,0,0,0,0,0
2025-11-01,PROD_015,Salomon Speedcross 5 GTX,Outdoor,Zapatillas Trail,150,True,,150.0,,2025,11,1,5,305,44,4,30,True,True,False,All Saints' Day,True,False,False,False,-0.9749279121818236,-0.2225209339563146,-0.8660254037844386,0.5000000000000001,4.0,3.0,5.0,4.0,5.0,5.0,6.0,4.571428571428571,0.0,144.39333333333335,1.0388291241516228,0,0,0,0,0,0,0,0,0,0,0,0,0,0,0,0,0,0,0,0,1,0,0,0,0,1,0,0,0,0,0,0,0,0,0,0,0,0,0,0,0,0,0,1
2025-11-01,PROD_016,Trek Marlin 7,Outdoor,Bicicleta Montaña,830,True,,830.0,,2025,11,1,5,305,44,4,30,True,True,False,All Saints' Day,True,False,False,False,-0.9749279121818236,-0.2225209339563146,-0.8660254037844386,0.5000000000000001,3.0,3.0,3.0,3.0,3.0,4.0,5.0,3.4285714285714284,0.0,797.9566666666666,1.0401567336572162,0,0,0,0,0,0,0,0,0,0,0,0,0,0,0,0,0,0,0,0,0,0,0,1,0,1,0,0,0,0,1,0,0,0,0,0,0,0,0,0,0,0,0,0
2025-11-01,PROD_017,The North Face Borealis,Outdoor,Mochila Trekking,95,False,,95.07,,2025,11,1,5,305,44,4,30,True,True,False,All Saints' Day,True,False,False,False,-0.9749279121818236,-0.2225209339563146,-0.8660254037844386,0.5000000000000001,3.0,2.0,6.0,3.0,1.0,1.0,3.0,2.7142857142857144,0.07368421052630861,88.93333333333334,1.0690029985007494,0,0,0,0,0,0,0,0,0,0,0,0,0,0,0,0,0,0,0,0,0,0,1,0,0,1,0,0,0,0,0,0,0,0,0,0,1,0,0,0,0,0,0,0
2025-11-01,PROD_018,Columbia Silver Ridge,Outdoor,Ropa Montaña,70,False,,69.12,,2025,11,1,5,305,44,4,30,True,True,False,All Saints' Day,True,False,False,False,-0.9749279121818236,-0.2225209339563146,-0.8660254037844386,0.5000000000000001,2.0,4.0,3.0,4.0,4.0,5.0,3.0,3.5714285714285716,-1.2571428571428507,67.86333333333334,1.018517608919888,0,0,0,0,1,0,0,0,0,0,0,0,0,0,0,0,0,0,0,0,0,0,0,0,0,1,0,0,0,0,0,0,0,0,0,0,0,0,0,0,1,0,0,0
2025-11-01,PROD_019,Merrell Moab 2 GTX,Outdoor,Zapatillas Trail,110,False,,110.89,,2025,11,1,5,305,44,4,30,True,True,False,All Saints' Day,True,False,False,False,-0.9749279121818236,-0.2225209339563146,-0.8660254037844386,0.5000000000000001,2.0,4.0,2.0,4.0,2.0,3.0,3.0,2.857142857142857,0.8090909090909096,100.96,1.0983557844690968,0,0,0,0,0,0,0,0,0,0,0,0,1,0,0,0,0,0,0,0,0,0,0,0,0,1,0,0,0,0,0,0,0,0,0,0,0,0,0,0,0,0,0,1
2025-11-01,PROD_020,Quechua MH500,Outdoor,Ropa Montaña,80,False,,80.84,,2025,11,1,5,305,44,4,30,True,True,False,All Saints' Day,True,False,False,False,-0.9749279121818236,-0.2225209339563146,-0.8660254037844386,0.5000000000000001,3.0,2.0,6.0,2.0,4.0,3.0,1.0,3.0,1.0500000000000043,74.41333333333334,1.0863644508152661,0,0,0,0,0,0,0,0,0,0,0,0,0,0,0,0,0,1,0,0,0,0,0,0,0,1,0,0,0,0,0,0,0,0,0,0,0,0,0,0,1,0,0,0
2025-11-01,PROD_021,Manduka PRO Yoga Mat,Wellness,Esterilla Yoga,130,True,,130.0,,2025,11,1,5,305,44,4,30,True,True,False,All Saints' Day,True,False,False,False,-0.9749279121818236,-0.2225209339563146,-0.8660254037844386,0.5000000000000001,6.0,5.0,6.0,6.0,6.0,7.0,10.0,6.571428571428571,0.0,130.39000000000001,0.9970089730807576,0,0,0,0,0,0,0,0,0,0,0,1,0,0,0,0,0,0,0,0,0,0,0,0,0,0,0,1,0,0,0,0,0,0,1,0,0,0,0,0,0,0,0,0
2025-11-01,PROD_022,Gaiam Premium Yoga Block,Wellness,Bloque Yoga,20,False,,19.92,,2025,11,1,5,305,44,4,30,True,True,False,All Saints' Day,True,False,False,False,-0.9749279121818236,-0.2225209339563146,-0.8660254037844386,0.5000000000000001,3.0,2.0,3.0,1.0,2.0,2.0,3.0,2.2857142857142856,-0.39999999999999153,19.150000000000002,1.0402088772845952,0,0,0,0,0,0,0,0,1,0,0,0,0,0,0,0,0,0,0,0,0,0,0,0,0,0,0,1,0,0,0,1,0,0,0,0,0,0,0,0,0,0,0,0
2025-11-01,PROD_023,Liforme Yoga Pad,Wellness,Rodillera Yoga,35,False,,35.39,,2025,11,1,5,305,44,4,30,True,True,False,All Saints' Day,True,False,False,False,-0.9749279121818236,-0.2225209339563146,-0.8660254037844386,0.5000000000000001,6.0,3.0,1.0,3.0,2.0,2.0,1.0,2.5714285714285716,1.1142857142857159,32.88333333333333,1.076229092752154,0,0,0,0,0,0,0,0,0,1,0,0,0,0,0,0,0,0,0,0,0,0,0,0,0,0,0,1,0,0,0,0,0,0,0,0,0,0,0,1,0,0,0,0
2025-11-01,PROD_024,Lotuscrafts Yoga Bolster,Wellness,Cojín Yoga,50,False,,49.57,,2025,11,1,5,305,44,4,30,True,True,False,All Saints' Day,True,False,False,False,-0.9749279121818236,-0.2225209339563146,-0.8660254037844386,0.5000000000000001,1.0,4.0,2.0,4.0,2.0,4.0,1.0,2.5714285714285716,-0.8599999999999994,48.14333333333334,1.0296337326040295,0,0,0,0,0,0,0,0,0,0,1,0,0,0,0,0,0,0,0,0,0,0,0,0,0,0,0,1,0,0,0,0,1,0,0,0,0,0,0,0,0,0,0,0
